Month,mon_no
Jan,1
Jan,1
Jan,1
Jan,1
Jan,1
Jan,1
Jan,1
Jan,1
Jan,1
Jan,1
Jan,1
Jan,1
Jan,1
Jan,1
Jan,1
Jan,1
Jan,1
Jan,1
Jan,1
Jan,1
Jan,1
Jan,1
Jan,1
Jan,1
Jan,1
Jan,1
Jan,1
Jan,1
Jan,1
Jan,1
Jan,1
Feb,2
Feb,2
Feb,2
Feb,2
Feb,2
Feb,2
Feb,2
Feb,2
Feb,2
Feb,2
Feb,2
Feb,2
Feb,2
Feb,2
Feb,2
Feb,2
Feb,2
Feb,2
Feb,2
Feb,2
Feb,2
Feb,2
Feb,2
Feb,2
Feb,2
Feb,2
Feb,2
Feb,2
Mar,3
Mar,3
Mar,3
Mar,3
Mar,3
Mar,3
Mar,3
Mar,3
Mar,3
Mar,3
Mar,3
Mar,3
Mar,3
Mar,3
Mar,3
Mar,3
Mar,3
Mar,3
Mar,3
Mar,3
Mar,3
Mar,3
Mar,3
Mar,3
Mar,3
Mar,3
Mar,3
Mar,3
Mar,3
Mar,3
Mar,3
Apr,4
Apr,4
Apr,4
Apr,4
Apr,4
Apr,4
Apr,4
Apr,4
Apr,4
Apr,4
Apr,4
Apr,4
Apr,4
Apr,4
Apr,4
Apr,4
Apr,4
Apr,4
Apr,4
Apr,4
Apr,4
Apr,4
Apr,4
Apr,4
Apr,4
Apr,4
Apr,4
Apr,4
Apr,4
Apr,4
May,5
May,5
May,5
May,5
May,5
May,5
May,5
May,5
May,5
May,5
May,5
May,5
May,5
May,5
May,5
May,5
May,5
May,5
May,5
May,5
May,5
May,5
May,5
May,5
May,5
May,5
May,5
May,5
May,5
May,5
May,5
Jun,6
Jun,6
Jun,6
Jun,6
Jun,6
Jun,6
Jun,6
Jun,6
Jun,6
Jun,6
Jun,6
Jun,6
Jun,6
Jun,6
Jun,6
Jun,6
Jun,6
Jun,6
Jun,6
Jun,6
Jun,6
Jun,6
Jun,6
Jun,6
Jun,6
Jun,6
Jun,6
Jun,6
Jun,6
Jun,6
Jul,7
Jul,7
Jul,7
Jul,7
Jul,7
Jul,7
Jul,7
Jul,7
Jul,7
Jul,7
Jul,7
Jul,7
Jul,7
Jul,7
Jul,7
Jul,7
Jul,7
Jul,7
Jul,7
Jul,7
Jul,7
Jul,7
Jul,7
Jul,7
Jul,7
Jul,7
Jul,7
Jul,7
Jul,7
Jul,7
Jul,7
Aug,8
Aug,8
Aug,8
Aug,8
Aug,8
Aug,8
Aug,8
Aug,8
Aug,8
Aug,8
Aug,8
Aug,8
Aug,8
Aug,8
Aug,8
Aug,8
Aug,8
Aug,8
Aug,8
Aug,8
Aug,8
Aug,8
Aug,8
Aug,8
Aug,8
Aug,8
Aug,8
Aug,8
Aug,8
Aug,8
Aug,8
Sep,9
Sep,9
Sep,9
Sep,9
Sep,9
Sep,9
Sep,9
Sep,9
Sep,9
Sep,9
Sep,9
Sep,9
Sep,9
Sep,9
Sep,9
Sep,9
Sep,9
Sep,9
Sep,9
Sep,9
Sep,9
Sep,9
Sep,9
Sep,9
Sep,9
Sep,9
Sep,9
Sep,9
Sep,9
Sep,9
Oct,10
Oct,10
Oct,10
Oct,10
Oct,10
Oct,10
Oct,10
Oct,10
Oct,10
Oct,10
Oct,10
Oct,10
Oct,10
Oct,10
Oct,10
Oct,10
Oct,10
Oct,10
Oct,10
Oct,10
Oct,10
Oct,10
Oct,10
Oct,10
Oct,10
Oct,10
Oct,10
Oct,10
Oct,10
Oct,10
Oct,10
Nov,11
Nov,11
Nov,11
Nov,11
Nov,11
Nov,11
Nov,11
Nov,11
Nov,11
Nov,11
Nov,11
Nov,11
Nov,11
Nov,11
Nov,11
Nov,11
Nov,11
Nov,11
Nov,11
Nov,11
Nov,11
Nov,11
Nov,11
Nov,11
Nov,11
Nov,11
Nov,11
Nov,11
Nov,11
Nov,11
Dec,12
Dec,12
Dec,12
Dec,12
Dec,12
Dec,12
Dec,12
Dec,12
Dec,12
Dec,12
Dec,12
Dec,12
